{
  "id": "P-9TD488024V5972032MWFLUHI",
  "product_id": "PROD-7TL326533E694871F",
  "name": "Humans design subscription plan",
  "status": "ACTIVE",
  "usage_type": "LICENSED",
  "billing_cycles": [
    {
      "pricing_scheme": {
        "version": 1,
        "fixed_price": {
          "currency_code": "USD",
          "value": "0.99"
        },
        "create_time": "2023-12-26T11:33:49Z",
        "update_time": "2023-12-26T11:33:49Z"
      },
      "frequency": {
        "interval_unit": "WEEK",
        "interval_count": 1
      },
      "tenure_type": "TRIAL",
      "sequence": 1,
      "total_cycles": 1
    },
    {
      "pricing_scheme": {
        "version": 1,
        "fixed_price": {
          "currency_code": "USD",
          "value": "39.99"
        },
        "create_time": "2023-12-26T11:33:49Z",
        "update_time": "2023-12-26T11:33:49Z"
      },
      "frequency": {
        "interval_unit": "MONTH",
        "interval_count": 1
      },
      "tenure_type": "REGULAR",
      "sequence": 2,
      "total_cycles": 0
    }
  ],
  "payment_preferences": {
    "service_type": "PREPAID",
    "auto_bill_outstanding": true,
    "setup_fee": {
      "currency_code": "USD",
      "value": "0.0"
    },
    "setup_fee_failure_action": "CANCEL",
    "payment_failure_threshold": 3
  },
  "taxes": {
    "percentage": "0.0",
    "inclusive": true
  },
  "quantity_supported": false,
  "create_time": "2023-12-26T11:33:49Z",
  "update_time": "2023-12-26T11:33:49Z",
  "links": [
    {
      "href": "https://api.sandbox.paypal.com/v1/billing/plans/P-9TD488024V5972032MWFLUHI",
      "rel": "self",
      "method": "GET",
      "encType": "application/json"
    },
    {
      "href": "https://api.sandbox.paypal.com/v1/billing/plans/P-9TD488024V5972032MWFLUHI",
      "rel": "edit",
      "method": "PATCH",
      "encType": "application/json"
    },
    {
      "href": "https://api.sandbox.paypal.com/v1/billing/plans/P-9TD488024V5972032MWFLUHI/deactivate",
      "rel": "self",
      "method": "POST",
      "encType": "application/json"
    }
  ]
}
