{
  "id": "PROD-7TL326533E694871F",
  "name": "Monthly subscription",
  "description": "Human design monthly subscription",
  "type": "DIGITAL",
  "category": "SOFTWARE",
  "image_url": "https://webhumandesign.site/thumb_preview.webp",
  "home_url": "https://webhumandesign.site",
  "create_time": "2023-12-26T10:32:19Z",
  "update_time": "2023-12-26T10:32:19Z",
  "links": [
    {
      "href": "https://api.sandbox.paypal.com/v1/catalogs/products/PROD-7TL326533E694871F",
      "rel": "self",
      "method": "GET"
    },
    {
      "href": "https://api.sandbox.paypal.com/v1/catalogs/products/PROD-7TL326533E694871F",
      "rel": "edit",
      "method": "PATCH"
    }
  ]
}
